{"cameraMode":{"drawMode":0,"name":"Shaded","section":"Shading Mode"},"sceneLighting":true,"audioPlay":false,"sceneViewState":{"showFog":false,"showMaterialUpdate":false,"showSkybox":false,"showFlares":false,"showImageEffects":false,"showParticleSystems":false},"in2DMode":false,"pivot":{"x":-7.793347358703613,"y":18.709823608398439,"z":14.364051818847657},"rotation":{"x":-0.025480695068836213,"y":0.03598042577505112,"z":-0.0009176939493045211,"w":-0.9990271925926209},"size":85.13727569580078,"orthographic":false}