{"cameraMode":{"drawMode":0,"name":"Shaded","section":"Shading Mode"},"sceneLighting":false,"audioPlay":false,"sceneViewState":{"showFog":false,"showMaterialUpdate":false,"showSkybox":false,"showFlares":false,"showImageEffects":false,"showParticleSystems":false},"in2DMode":false,"pivot":{"x":-7.269999980926514,"y":3.5900001525878908,"z":0.0},"rotation":{"x":0.026996711269021035,"y":-0.0014992934884503484,"z":-0.00004049173367093317,"w":-0.9996344447135925},"size":14.373953819274903,"orthographic":true}