{"cameraMode":{"drawMode":0,"name":"Shaded","section":"Shading Mode"},"sceneLighting":true,"audioPlay":false,"sceneViewState":{"showFog":false,"showMaterialUpdate":false,"showSkybox":false,"showFlares":false,"showImageEffects":false,"showParticleSystems":false},"in2DMode":false,"pivot":{"x":9.221712112426758,"y":11.805000305175782,"z":-16.285717010498048},"rotation":{"x":0.03119891695678234,"y":0.4982917606830597,"z":0.017946260049939157,"w":-0.8662620782852173},"size":24.758132934570314,"orthographic":false}